Case_Reference,Date_Received,Date_Completed,Department,Operational_Unit,Region,Classification,Current_Status,Processing_Duration_Days,SLA_Target_Days,Quality_Audit_Score,Case_Cost_GBP
CAS-2025-01001,2025-01-13,2025-02-09,Operations,Unit 3,London & South East,Complex Inspection,Completed,27,45,91.0,1013.58
CAS-2025-01002,2025-05-23,2025-06-16,Operations,Unit 2,Wales & South West,Complex Inspection,Completed,24,45,87.9,948.56
CAS-2025-01003,2025-03-04,2025-03-06,Specialist Assessment,Unit 2,Midlands,Urgent License,Completed,2,5,80.1,203.79
CAS-2025-01004,2025-03-01,2025-03-08,Operations,Unit 1,North & Scotland,Standard Application,Completed,7,15,94.6,351.64
CAS-2025-01005,2025-02-16,2025-03-11,Regulatory Approvals,Unit 4,Wales & South West,Standard Application,Completed,23,15,84.2,940.9
CAS-2025-01006,2025-08-17,2025-08-29,Operations,Unit 2,North & Scotland,Standard Application,Completed,12,15,80.1,481.82
CAS-2025-01007,2025-05-02,2025-06-15,Operations,Unit 2,Wales & South West,Complex Inspection,Completed,44,45,84.4,1707.49
CAS-2025-01008,2025-07-11,2025-07-19,Regulatory Approvals,Unit 2,London & South East,Standard Application,Completed,8,15,97.5,369.6
CAS-2025-01009,2025-03-27,2025-04-03,Operations,Unit 2,Wales & South West,Standard Application,Completed,7,15,94.7,345.92
CAS-2025-01010,2025-08-06,2025-08-16,Customer Enforcement,Unit 1,North & Scotland,Standard Application,Completed,10,15,96.6,469.98
CAS-2025-01011,2025-09-07,2025-09-16,Regulatory Approvals,Unit 1,Wales & South West,Standard Application,Completed,9,15,92.4,455.15
CAS-2025-01012,2025-01-04,2025-03-15,Regulatory Approvals,Unit 4,North & Scotland,Appeals & Inquiries,Completed,70,60,100.0,2598.64
CAS-2025-01013,2025-06-01,2025-06-16,Regulatory Approvals,Unit 3,Wales & South West,Standard Application,Completed,15,15,94.7,664.54
CAS-2025-01014,2025-06-17,2025-06-24,Specialist Assessment,Unit 4,London & South East,Standard Application,Completed,7,15,98.8,300.32
CAS-2025-01015,2025-08-30,2025-09-15,Regulatory Approvals,Unit 1,Midlands,Standard Application,Completed,16,15,88.3,687.67
CAS-2025-01016,2025-03-16,2025-03-18,Specialist Assessment,Unit 4,London & South East,Urgent License,Completed,2,5,89.9,138.74
CAS-2025-01017,2025-07-11,2025-07-19,Regulatory Approvals,Unit 3,Wales & South West,Standard Application,Completed,8,15,98.3,390.19
CAS-2025-01018,2025-09-25,2025-09-27,Regulatory Approvals,Unit 1,North & Scotland,Urgent License,Completed,2,5,93.4,211.26
CAS-2025-01019,2025-03-03,2025-03-10,Regulatory Approvals,Unit 1,Midlands,Standard Application,Completed,7,15,89.5,394.18
CAS-2025-01020,2025-08-11,2025-09-13,Specialist Assessment,Unit 3,Midlands,Complex Inspection,Completed,33,45,97.9,1250.82
CAS-2025-01021,2025-01-25,2025-03-26,Regulatory Approvals,Unit 1,Wales & South West,Appeals & Inquiries,Completed,60,60,100.0,2276.87
CAS-2025-01022,2025-01-09,2025-01-16,Customer Enforcement,Unit 4,London & South East,Standard Application,Completed,7,15,94.4,368.6
CAS-2025-01023,2025-06-19,2025-06-29,Operations,Unit 3,Midlands,Standard Application,Completed,10,15,94.7,491.31
CAS-2025-01024,2025-05-25,2025-05-28,Specialist Assessment,Unit 1,London & South East,Urgent License,Completed,3,5,83.2,164.85
CAS-2025-01025,2025-07-01,2025-07-10,Customer Enforcement,Unit 2,Midlands,Standard Application,Completed,9,15,88.6,426.65
CAS-2025-01026,2025-05-28,2025-07-12,Operations,Unit 1,North & Scotland,Complex Inspection,Completed,45,45,83.0,1705.84
CAS-2025-01027,2025-07-09,2025-07-19,Regulatory Approvals,Unit 4,London & South East,Standard Application,Completed,10,15,100.0,502.79
CAS-2025-01028,2025-06-22,2025-10-03,Operations,Unit 1,Wales & South West,Complex Inspection,Completed,103,45,90.3,3713.88
CAS-2025-01029,2025-08-15,2025-08-23,Regulatory Approvals,Unit 1,Midlands,Standard Application,Completed,8,15,86.6,407.71
CAS-2025-01030,2025-01-12,2025-01-19,Specialist Assessment,Unit 4,Wales & South West,Standard Application,Completed,7,15,100.0,332.07
CAS-2025-01031,2025-05-02,2025-05-13,Operations,Unit 2,Wales & South West,Standard Application,Completed,11,15,80.5,521.88
CAS-2025-01032,2025-08-08,2025-08-28,Operations,Unit 1,Midlands,Standard Application,Completed,20,15,94.2,801.66
CAS-2025-01033,2025-07-16,2025-09-24,Regulatory Approvals,Unit 2,Midlands,Appeals & Inquiries,Completed,70,60,99.1,2633.73
CAS-2025-01034,2025-06-26,2025-07-11,Operations,Unit 2,North & Scotland,Standard Application,Completed,15,15,89.2,639.41
CAS-2025-01035,2025-04-08,2025-04-15,Operations,Unit 3,London & South East,Standard Application,Completed,7,15,94.1,373.49
CAS-2025-01036,2025-09-16,,Regulatory Approvals,Unit 1,London & South East,Appeals & Inquiries,In Progress,46,60,,1707.11
CAS-2025-01037,2025-01-01,2025-01-13,Specialist Assessment,Unit 1,Wales & South West,Standard Application,Completed,12,15,100.0,537.81
CAS-2025-01038,2025-04-05,2025-05-22,Operations,Unit 2,Midlands,Complex Inspection,Completed,47,45,99.1,1773.69
CAS-2025-01039,2025-08-10,2025-08-19,Customer Enforcement,Unit 1,Wales & South West,Standard Application,Completed,9,15,92.4,447.97
CAS-2025-01040,2025-03-07,2025-06-01,Customer Enforcement,Unit 3,Midlands,Complex Inspection,Completed,86,45,100.0,3158.48
CAS-2025-01041,2025-09-06,2025-09-17,Regulatory Approvals,Unit 4,North & Scotland,Standard Application,Completed,11,15,99.6,526.74
CAS-2025-01042,2025-05-13,2025-05-17,Customer Enforcement,Unit 2,Wales & South West,Urgent License,Completed,4,5,82.9,212.91
CAS-2025-01043,2025-02-12,2025-02-19,Operations,Unit 3,North & Scotland,Standard Application,Completed,7,15,99.2,313.69
CAS-2025-01044,2025-01-08,2025-01-25,Operations,Unit 4,Wales & South West,Standard Application,Completed,17,15,94.8,713.69
CAS-2025-01045,2025-02-20,2025-02-28,Operations,Unit 1,Midlands,Standard Application,Completed,8,15,92.1,342.87
CAS-2025-01046,2025-01-01,2025-01-03,Regulatory Approvals,Unit 4,Midlands,Urgent License,Completed,2,5,84.7,130.23
CAS-2025-01047,2025-02-16,2025-02-22,Regulatory Approvals,Unit 3,Wales & South West,Urgent License,Completed,6,5,85.0,269.11
CAS-2025-01048,2025-01-26,2025-04-28,Specialist Assessment,Unit 4,London & South East,Complex Inspection,Completed,92,45,96.8,3339.61
CAS-2025-01049,2025-01-28,2025-02-21,Operations,Unit 4,Midlands,Complex Inspection,Completed,24,45,92.4,927.24
CAS-2025-01050,2025-01-07,2025-01-31,Regulatory Approvals,Unit 3,Midlands,Complex Inspection,Completed,24,45,89.9,941.72
CAS-2025-01051,2025-07-11,2025-07-20,Operations,Unit 1,Wales & South West,Standard Application,Completed,9,15,97.4,390.64
CAS-2025-01052,2025-05-06,2025-06-17,Operations,Unit 1,London & South East,Complex Inspection,Completed,42,45,92.0,1549.69
CAS-2025-01053,2025-04-21,2025-05-28,Customer Enforcement,Unit 3,Wales & South West,Complex Inspection,Completed,37,45,100.0,1401.38
CAS-2025-01054,2025-04-11,2025-05-12,Operations,Unit 2,Wales & South West,Complex Inspection,Completed,31,45,92.2,1174.22
CAS-2025-01055,2025-05-30,2025-06-15,Operations,Unit 2,North & Scotland,Standard Application,Completed,16,15,92.8,626.79
CAS-2025-01056,2025-04-05,2025-04-12,Operations,Unit 1,North & Scotland,Standard Application,Completed,7,15,93.0,390.24
CAS-2025-01057,2025-05-14,2025-07-04,Specialist Assessment,Unit 2,Wales & South West,Complex Inspection,Completed,51,45,97.4,1932.35
CAS-2025-01058,2025-07-22,2025-07-24,Regulatory Approvals,Unit 3,London & South East,Urgent License,Completed,2,5,87.4,171.76
CAS-2025-01059,2025-04-23,2025-04-25,Regulatory Approvals,Unit 1,Midlands,Urgent License,Completed,2,5,81.2,171.61
CAS-2025-01060,2025-09-16,2025-09-23,Operations,Unit 2,Wales & South West,Standard Application,Completed,7,15,88.4,366.65
CAS-2025-01061,2025-09-30,,Operations,Unit 3,Wales & South West,Complex Inspection,Under Review,32,45,,1278.95
CAS-2025-01062,2025-08-24,2025-09-27,Regulatory Approvals,Unit 1,Wales & South West,Appeals & Inquiries,Completed,34,60,96.6,1294.92
CAS-2025-01063,2025-01-01,2025-01-03,Customer Enforcement,Unit 2,Wales & South West,Urgent License,Completed,2,5,88.4,137.37
CAS-2025-01064,2025-08-01,2025-10-02,Operations,Unit 3,North & Scotland,Complex Inspection,Completed,62,45,95.5,2282.62
CAS-2025-01065,2025-02-11,2025-02-20,Operations,Unit 4,Wales & South West,Standard Application,Completed,9,15,80.8,444.26
CAS-2025-01066,2025-05-23,2025-06-02,Regulatory Approvals,Unit 1,London & South East,Standard Application,Completed,10,15,89.9,411.66
CAS-2025-01067,2025-04-14,2025-06-02,Regulatory Approvals,Unit 3,Midlands,Appeals & Inquiries,Completed,49,60,86.8,1868.9
CAS-2025-01068,2025-06-06,2025-10-05,Regulatory Approvals,Unit 2,North & Scotland,Complex Inspection,Completed,121,45,89.6,4420.74
CAS-2025-01069,2025-10-16,2025-10-21,Operations,Unit 2,Midlands,Urgent License,Completed,5,5,98.2,238.56
CAS-2025-01070,2025-08-16,2025-09-21,Regulatory Approvals,Unit 4,Wales & South West,Complex Inspection,Completed,36,45,88.9,1376.64
CAS-2025-01071,2025-06-22,2025-07-28,Customer Enforcement,Unit 3,North & Scotland,Complex Inspection,Completed,36,45,87.4,1346.16
CAS-2025-01072,2025-02-07,2025-02-18,Operations,Unit 3,North & Scotland,Standard Application,Completed,11,15,84.5,531.69
CAS-2025-01073,2025-04-14,2025-05-01,Regulatory Approvals,Unit 1,London & South East,Standard Application,Completed,17,15,92.7,723.17
CAS-2025-01074,2025-10-20,,Customer Enforcement,Unit 2,London & South East,Complex Inspection,Awaiting Evidence,12,45,,483.73
CAS-2025-01075,2025-10-23,2025-10-31,Customer Enforcement,Unit 3,North & Scotland,Standard Application,Completed,8,15,96.4,350.55
CAS-2025-01076,2025-07-01,2025-07-09,Customer Enforcement,Unit 1,North & Scotland,Standard Application,Completed,8,15,82.5,408.42
CAS-2025-01077,2025-07-21,2025-07-30,Customer Enforcement,Unit 1,Midlands,Standard Application,Completed,9,15,100.0,423.24
CAS-2025-01078,2025-03-16,2025-04-04,Specialist Assessment,Unit 3,Midlands,Standard Application,Completed,19,15,89.3,815.77
CAS-2025-01079,2025-07-01,2025-07-20,Operations,Unit 3,Wales & South West,Standard Application,Completed,19,15,92.5,760.74
CAS-2025-01080,2025-03-04,2025-03-14,Operations,Unit 2,Wales & South West,Standard Application,Completed,10,15,91.8,460.73
CAS-2025-01081,2025-03-04,2025-03-29,Specialist Assessment,Unit 1,North & Scotland,Complex Inspection,Completed,25,45,94.6,1012.5
CAS-2025-01082,2025-07-30,2025-08-30,Operations,Unit 2,London & South East,Complex Inspection,Completed,31,45,93.8,1179.9
CAS-2025-01083,2025-06-24,2025-07-04,Regulatory Approvals,Unit 2,Wales & South West,Standard Application,Completed,10,15,99.0,481.54
CAS-2025-01084,2025-05-12,2025-06-20,Operations,Unit 1,North & Scotland,Appeals & Inquiries,Completed,39,60,97.0,1475.37
CAS-2025-01085,2025-03-28,2025-03-31,Specialist Assessment,Unit 4,Midlands,Urgent License,Completed,3,5,84.0,211.67
CAS-2025-01086,2025-09-12,2025-09-14,Operations,Unit 2,London & South East,Urgent License,Completed,2,5,84.7,130.94
CAS-2025-01087,2025-04-06,2025-04-13,Specialist Assessment,Unit 4,Wales & South West,Urgent License,Completed,7,5,96.3,392.94
CAS-2025-01088,2025-07-01,2025-07-03,Operations,Unit 3,North & Scotland,Urgent License,Completed,2,5,82.0,210.27
CAS-2025-01089,2025-10-30,,Regulatory Approvals,Unit 3,Midlands,Urgent License,Under Review,2,5,,147.81
CAS-2025-01090,2025-09-18,2025-10-04,Operations,Unit 4,Midlands,Standard Application,Completed,16,15,100.0,639.95
CAS-2025-01091,2025-10-07,,Operations,Unit 2,Wales & South West,Appeals & Inquiries,In Progress,25,60,,985.98
CAS-2025-01092,2025-07-28,2025-08-25,Operations,Unit 4,Midlands,Complex Inspection,Completed,28,45,93.0,1142.44
CAS-2025-01093,2025-01-29,2025-02-16,Operations,Unit 3,London & South East,Standard Application,Completed,18,15,90.9,700.78
CAS-2025-01094,2025-02-10,2025-04-03,Operations,Unit 1,London & South East,Complex Inspection,Completed,52,45,93.5,1956.05
CAS-2025-01095,2025-06-22,2025-06-25,Customer Enforcement,Unit 1,Wales & South West,Urgent License,Completed,3,5,97.9,191.89
CAS-2025-01096,2025-07-12,2025-07-21,Operations,Unit 4,North & Scotland,Standard Application,Completed,9,15,86.5,441.4
CAS-2025-01097,2025-10-22,,Regulatory Approvals,Unit 2,Midlands,Standard Application,Awaiting Evidence,10,15,,478.26
CAS-2025-01098,2025-10-16,2025-11-01,Operations,Unit 3,Wales & South West,Standard Application,Completed,16,15,83.9,702.64
CAS-2025-01099,2025-07-20,2025-08-02,Customer Enforcement,Unit 1,London & South East,Standard Application,Completed,13,15,100.0,554.98
CAS-2025-01100,2025-02-08,2025-03-03,Operations,Unit 2,London & South East,Standard Application,Completed,23,15,91.7,867.03
CAS-2025-01101,2025-01-12,2025-02-13,Operations,Unit 4,North & Scotland,Appeals & Inquiries,Completed,32,60,91.6,1204.51
CAS-2025-01102,2025-03-21,2025-03-25,Specialist Assessment,Unit 4,North & Scotland,Urgent License,Completed,4,5,95.7,261.23
CAS-2025-01103,2025-07-17,2025-08-28,Specialist Assessment,Unit 2,London & South East,Complex Inspection,Completed,42,45,92.9,1545.42
CAS-2025-01104,2025-01-16,2025-03-20,Specialist Assessment,Unit 3,Midlands,Complex Inspection,Completed,63,45,89.7,2289.89
CAS-2025-01105,2025-04-27,2025-05-06,Customer Enforcement,Unit 3,Wales & South West,Standard Application,Completed,9,15,95.9,374.99
CAS-2025-01106,2025-04-13,2025-04-20,Operations,Unit 3,Wales & South West,Standard Application,Completed,7,15,96.7,306.2
CAS-2025-01107,2025-10-20,2025-10-31,Regulatory Approvals,Unit 2,North & Scotland,Standard Application,Completed,11,15,93.1,506.67
CAS-2025-01108,2025-07-29,2025-08-01,Regulatory Approvals,Unit 1,Midlands,Urgent License,Completed,3,5,100.0,202.69
CAS-2025-01109,2025-02-03,2025-04-12,Operations,Unit 3,London & South East,Complex Inspection,Completed,68,45,99.3,2504.19
CAS-2025-01110,2025-09-02,2025-09-11,Regulatory Approvals,Unit 4,Wales & South West,Standard Application,Completed,9,15,87.9,378.67
CAS-2025-01111,2025-03-06,2025-03-14,Operations,Unit 3,London & South East,Standard Application,Completed,8,15,86.0,338.21
CAS-2025-01112,2025-07-12,2025-07-21,Specialist Assessment,Unit 3,London & South East,Standard Application,Completed,9,15,87.4,381.94
CAS-2025-01113,2025-07-06,2025-07-15,Specialist Assessment,Unit 1,London & South East,Standard Application,Completed,9,15,100.0,386.2
CAS-2025-01114,2025-02-21,2025-02-23,Operations,Unit 4,Wales & South West,Urgent License,Completed,2,5,88.0,204.06
CAS-2025-01115,2025-04-17,2025-05-01,Operations,Unit 2,London & South East,Standard Application,Completed,14,15,89.0,643.91
CAS-2025-01116,2025-06-26,2025-07-24,Regulatory Approvals,Unit 4,Midlands,Complex Inspection,Completed,28,45,91.0,1095.52
CAS-2025-01117,2025-03-03,2025-03-14,Specialist Assessment,Unit 3,Wales & South West,Standard Application,Completed,11,15,78.5,467.8
CAS-2025-01118,2025-01-29,2025-02-03,Specialist Assessment,Unit 1,Midlands,Urgent License,Completed,5,5,86.7,293.02
CAS-2025-01119,2025-09-18,2025-09-25,Customer Enforcement,Unit 2,Wales & South West,Standard Application,Completed,7,15,90.6,351.76
CAS-2025-01120,2025-02-06,2025-02-22,Operations,Unit 1,Wales & South West,Standard Application,Completed,16,15,92.6,667.51
CAS-2025-01121,2025-08-12,2025-09-22,Regulatory Approvals,Unit 3,Midlands,Complex Inspection,Completed,41,45,98.6,1578.89
CAS-2025-01122,2025-08-04,2025-08-09,Customer Enforcement,Unit 4,Wales & South West,Urgent License,Completed,5,5,92.8,298.34
CAS-2025-01123,2025-02-14,2025-04-01,Regulatory Approvals,Unit 2,Wales & South West,Complex Inspection,Completed,46,45,91.0,1716.51
CAS-2025-01124,2025-06-07,2025-07-23,Specialist Assessment,Unit 2,Wales & South West,Complex Inspection,Completed,46,45,92.9,1708.87
CAS-2025-01125,2025-08-12,2025-09-06,Operations,Unit 3,London & South East,Complex Inspection,Completed,25,45,90.7,965.83
CAS-2025-01126,2025-03-15,2025-03-23,Regulatory Approvals,Unit 2,North & Scotland,Standard Application,Completed,8,15,93.1,409.37
CAS-2025-01127,2025-10-05,2025-10-13,Specialist Assessment,Unit 4,Wales & South West,Standard Application,Completed,8,15,89.8,392.22
CAS-2025-01128,2025-07-12,2025-07-21,Operations,Unit 4,North & Scotland,Urgent License,Completed,9,5,93.0,437.11
CAS-2025-01129,2025-07-23,2025-07-25,Customer Enforcement,Unit 3,Wales & South West,Urgent License,Completed,2,5,100.0,189.33
CAS-2025-01130,2025-01-26,2025-02-27,Operations,Unit 2,London & South East,Appeals & Inquiries,Completed,32,60,91.6,1271.42
CAS-2025-01131,2025-09-28,2025-10-05,Customer Enforcement,Unit 1,North & Scotland,Standard Application,Completed,7,15,98.7,325.83
CAS-2025-01132,2025-08-24,2025-10-31,Operations,Unit 1,London & South East,Appeals & Inquiries,Completed,68,60,99.9,2560.45
CAS-2025-01133,2025-05-27,2025-06-13,Operations,Unit 3,North & Scotland,Standard Application,Completed,17,15,87.7,656.61
CAS-2025-01134,2025-10-08,2025-10-18,Customer Enforcement,Unit 2,North & Scotland,Standard Application,Completed,10,15,88.0,420.92
CAS-2025-01135,2025-05-25,2025-06-04,Operations,Unit 4,North & Scotland,Standard Application,Completed,10,15,95.1,501.75
CAS-2025-01136,2025-02-15,2025-03-25,Regulatory Approvals,Unit 2,Midlands,Complex Inspection,Completed,38,45,90.5,1423.75
CAS-2025-01137,2025-01-09,2025-01-20,Operations,Unit 1,Wales & South West,Standard Application,Completed,11,15,97.0,471.54
CAS-2025-01138,2025-07-24,2025-08-25,Operations,Unit 1,Midlands,Complex Inspection,Completed,32,45,88.1,1283.47
CAS-2025-01139,2025-06-15,2025-06-19,Operations,Unit 1,London & South East,Urgent License,Completed,4,5,91.9,202.49
CAS-2025-01140,2025-03-17,2025-03-28,Specialist Assessment,Unit 4,North & Scotland,Standard Application,Completed,11,15,88.6,510.75
CAS-2025-01141,2025-07-21,2025-07-31,Customer Enforcement,Unit 2,Wales & South West,Standard Application,Completed,10,15,89.2,437.21
CAS-2025-01142,2025-06-15,2025-06-17,Regulatory Approvals,Unit 2,Midlands,Urgent License,Completed,2,5,98.5,137.75
CAS-2025-01143,2025-05-03,2025-05-13,Operations,Unit 2,London & South East,Standard Application,Completed,10,15,96.2,476.41
CAS-2025-01144,2025-03-25,2025-04-12,Operations,Unit 3,North & Scotland,Standard Application,Completed,18,15,94.4,743.76
CAS-2025-01145,2025-01-22,2025-03-08,Regulatory Approvals,Unit 3,North & Scotland,Complex Inspection,Completed,45,45,88.1,1734.68
CAS-2025-01146,2025-05-02,2025-06-27,Operations,Unit 2,Wales & South West,Complex Inspection,Completed,56,45,89.1,2081.37
CAS-2025-01147,2025-10-15,,Regulatory Approvals,Unit 2,Midlands,Complex Inspection,In Progress,17,45,,702.83
CAS-2025-01148,2025-07-21,2025-07-29,Regulatory Approvals,Unit 1,London & South East,Standard Application,Completed,8,15,90.0,430.08
CAS-2025-01149,2025-01-24,2025-02-21,Regulatory Approvals,Unit 4,Wales & South West,Standard Application,Completed,28,15,94.1,1048.01
CAS-2025-01150,2025-06-26,2025-07-05,Regulatory Approvals,Unit 1,Wales & South West,Standard Application,Completed,9,15,100.0,448.8
CAS-2025-01151,2025-10-22,,Operations,Unit 3,Midlands,Appeals & Inquiries,In Progress,10,60,,451.58
CAS-2025-01152,2025-01-21,2025-03-24,Customer Enforcement,Unit 3,Midlands,Complex Inspection,Completed,62,45,100.0,2268.97
CAS-2025-01153,2025-01-14,2025-01-17,Specialist Assessment,Unit 3,London & South East,Urgent License,Completed,3,5,95.3,201.03
CAS-2025-01154,2025-08-19,2025-08-28,Operations,Unit 2,North & Scotland,Standard Application,Completed,9,15,89.8,466.44
CAS-2025-01155,2025-03-07,2025-04-14,Specialist Assessment,Unit 1,North & Scotland,Complex Inspection,Completed,38,45,83.6,1422.47
CAS-2025-01156,2025-01-10,2025-02-09,Operations,Unit 2,Wales & South West,Complex Inspection,Completed,30,45,88.7,1197.89
CAS-2025-01157,2025-09-14,2025-10-19,Regulatory Approvals,Unit 4,North & Scotland,Appeals & Inquiries,Completed,35,60,84.2,1353.05
CAS-2025-01158,2025-06-24,2025-06-29,Regulatory Approvals,Unit 1,London & South East,Urgent License,Completed,5,5,82.9,286.04
CAS-2025-01159,2025-07-26,2025-08-22,Regulatory Approvals,Unit 3,London & South East,Standard Application,Completed,27,15,90.1,1013.67
CAS-2025-01160,2025-01-01,2025-02-07,Operations,Unit 2,London & South East,Appeals & Inquiries,Completed,37,60,89.3,1414.22
CAS-2025-01161,2025-07-25,2025-08-06,Regulatory Approvals,Unit 4,London & South East,Standard Application,Completed,12,15,92.4,501.42
CAS-2025-01162,2025-06-27,2025-07-04,Operations,Unit 2,Wales & South West,Standard Application,Completed,7,15,94.4,312.85
CAS-2025-01163,2025-08-22,2025-09-04,Customer Enforcement,Unit 4,Midlands,Standard Application,Completed,13,15,89.2,607.83
CAS-2025-01164,2025-06-24,2025-08-15,Regulatory Approvals,Unit 3,North & Scotland,Appeals & Inquiries,Completed,52,60,88.4,1945.72
CAS-2025-01165,2025-05-25,2025-05-27,Customer Enforcement,Unit 3,Wales & South West,Urgent License,Completed,2,5,95.7,203.68
CAS-2025-01166,2025-10-31,,Regulatory Approvals,Unit 2,Midlands,Complex Inspection,Awaiting Evidence,1,45,,117.31
CAS-2025-01167,2025-06-10,2025-06-13,Regulatory Approvals,Unit 4,London & South East,Urgent License,Completed,3,5,92.8,230.34
CAS-2025-01168,2025-04-08,2025-05-28,Regulatory Approvals,Unit 2,Wales & South West,Complex Inspection,Completed,50,45,96.3,1868.56
CAS-2025-01169,2025-05-09,2025-05-18,Operations,Unit 2,North & Scotland,Standard Application,Completed,9,15,95.8,406.15
CAS-2025-01170,2025-07-18,2025-08-25,Regulatory Approvals,Unit 3,Wales & South West,Complex Inspection,Completed,38,45,79.1,1400.47
CAS-2025-01171,2025-09-24,2025-10-27,Regulatory Approvals,Unit 2,Midlands,Complex Inspection,Completed,33,45,100.0,1259.48
CAS-2025-01172,2025-10-09,,Specialist Assessment,Unit 2,Midlands,Appeals & Inquiries,In Progress,23,60,,904.52
CAS-2025-01173,2025-10-31,,Regulatory Approvals,Unit 4,Wales & South West,Complex Inspection,Awaiting Evidence,1,45,,160.19
CAS-2025-01174,2025-01-21,2025-03-22,Operations,Unit 3,Wales & South West,Complex Inspection,Completed,60,45,92.6,2186.03
CAS-2025-01175,2025-10-04,2025-10-15,Regulatory Approvals,Unit 3,Midlands,Standard Application,Completed,11,15,91.6,492.81
CAS-2025-01176,2025-01-27,2025-02-21,Specialist Assessment,Unit 4,North & Scotland,Complex Inspection,Completed,25,45,87.7,1035.17
CAS-2025-01177,2025-03-31,2025-04-27,Operations,Unit 3,North & Scotland,Complex Inspection,Completed,27,45,100.0,1061.02
CAS-2025-01178,2025-03-12,2025-03-31,Operations,Unit 1,Midlands,Standard Application,Completed,19,15,87.1,806.07
CAS-2025-01179,2025-06-21,2025-08-08,Operations,Unit 2,North & Scotland,Appeals & Inquiries,Completed,48,60,91.1,1835.92
CAS-2025-01180,2025-08-02,2025-08-29,Regulatory Approvals,Unit 2,London & South East,Complex Inspection,Completed,27,45,96.4,1085.49
CAS-2025-01181,2025-02-18,2025-03-05,Operations,Unit 1,Wales & South West,Standard Application,Completed,15,15,90.5,624.87
CAS-2025-01182,2025-07-21,2025-07-30,Customer Enforcement,Unit 3,Wales & South West,Standard Application,Completed,9,15,89.3,456.43
CAS-2025-01183,2025-06-10,2025-06-22,Operations,Unit 1,Midlands,Standard Application,Completed,12,15,88.5,536.71
CAS-2025-01184,2025-06-09,2025-07-03,Regulatory Approvals,Unit 1,Midlands,Complex Inspection,Completed,24,45,89.4,961.7
CAS-2025-01185,2025-05-26,2025-07-07,Regulatory Approvals,Unit 2,London & South East,Complex Inspection,Completed,42,45,87.9,1640.13
CAS-2025-01186,2025-07-07,2025-07-25,Customer Enforcement,Unit 4,Midlands,Standard Application,Completed,18,15,87.5,753.53
CAS-2025-01187,2025-06-13,2025-06-22,Operations,Unit 4,London & South East,Standard Application,Completed,9,15,97.2,376.44
CAS-2025-01188,2025-02-18,2025-03-02,Customer Enforcement,Unit 4,London & South East,Standard Application,Completed,12,15,95.8,544.01
CAS-2025-01189,2025-10-27,,Operations,Unit 3,Midlands,Complex Inspection,Awaiting Evidence,5,45,,263.79
CAS-2025-01190,2025-10-18,2025-10-29,Customer Enforcement,Unit 2,Wales & South West,Standard Application,Completed,11,15,82.7,536.26
CAS-2025-01191,2025-10-14,2025-10-23,Customer Enforcement,Unit 3,Wales & South West,Standard Application,Completed,9,15,78.0,381.48
CAS-2025-01192,2025-04-25,2025-06-09,Operations,Unit 1,Wales & South West,Appeals & Inquiries,Completed,45,60,89.0,1731.7
CAS-2025-01193,2025-05-29,2025-06-03,Operations,Unit 2,Midlands,Urgent License,Completed,5,5,92.9,243.43
CAS-2025-01194,2025-05-22,2025-05-31,Operations,Unit 3,Midlands,Standard Application,Completed,9,15,100.0,404.13
CAS-2025-01195,2025-09-06,2025-09-16,Regulatory Approvals,Unit 3,North & Scotland,Standard Application,Completed,10,15,94.3,496.94
CAS-2025-01196,2025-05-23,2025-06-12,Specialist Assessment,Unit 1,Wales & South West,Standard Application,Completed,20,15,100.0,771.64
CAS-2025-01197,2025-03-23,2025-05-06,Regulatory Approvals,Unit 2,Wales & South West,Complex Inspection,Completed,44,45,89.8,1693.87
CAS-2025-01198,2025-06-12,2025-07-07,Operations,Unit 2,North & Scotland,Standard Application,Completed,25,15,89.3,1001.6
CAS-2025-01199,2025-01-25,2025-02-05,Regulatory Approvals,Unit 1,Midlands,Standard Application,Completed,11,15,88.9,535.78
CAS-2025-01200,2025-01-25,2025-02-04,Regulatory Approvals,Unit 2,Wales & South West,Standard Application,Completed,10,15,97.6,428.26
CAS-2025-01201,2025-06-22,2025-06-30,Regulatory Approvals,Unit 4,Wales & South West,Standard Application,Completed,8,15,74.7,344.57
CAS-2025-01202,2025-06-09,2025-07-05,Operations,Unit 2,Midlands,Complex Inspection,Completed,26,45,93.8,979.13
CAS-2025-01203,2025-09-23,2025-09-26,Operations,Unit 2,North & Scotland,Urgent License,Completed,3,5,88.4,173.57
CAS-2025-01204,2025-05-29,2025-06-10,Operations,Unit 2,Midlands,Standard Application,Completed,12,15,81.6,482.23
CAS-2025-01205,2025-09-17,2025-09-25,Regulatory Approvals,Unit 4,London & South East,Standard Application,Completed,8,15,94.9,418.8
CAS-2025-01206,2025-06-27,2025-07-05,Operations,Unit 4,North & Scotland,Standard Application,Completed,8,15,85.8,370.78
CAS-2025-01207,2025-04-02,2025-04-25,Regulatory Approvals,Unit 3,London & South East,Standard Application,Completed,23,15,88.6,908.36
CAS-2025-01208,2025-08-18,2025-08-28,Operations,Unit 2,North & Scotland,Standard Application,Completed,10,15,89.7,426.52
CAS-2025-01209,2025-08-01,2025-08-08,Customer Enforcement,Unit 1,London & South East,Standard Application,Completed,7,15,91.3,325.09
CAS-2025-01210,2025-07-10,2025-07-17,Regulatory Approvals,Unit 4,North & Scotland,Standard Application,Completed,7,15,89.4,384.97
CAS-2025-01211,2025-04-22,2025-05-01,Customer Enforcement,Unit 4,North & Scotland,Standard Application,Completed,9,15,100.0,458.71
CAS-2025-01212,2025-04-15,2025-06-17,Operations,Unit 4,London & South East,Appeals & Inquiries,Completed,63,60,90.7,2294.14
CAS-2025-01213,2025-04-07,2025-05-19,Customer Enforcement,Unit 2,Wales & South West,Appeals & Inquiries,Completed,42,60,100.0,1630.51
CAS-2025-01214,2025-07-19,2025-08-05,Operations,Unit 1,Wales & South West,Standard Application,Completed,17,15,99.3,664.07
CAS-2025-01215,2025-03-28,2025-04-10,Regulatory Approvals,Unit 1,Wales & South West,Standard Application,Completed,13,15,87.2,541.15
CAS-2025-01216,2025-05-19,2025-05-22,Specialist Assessment,Unit 3,North & Scotland,Urgent License,Completed,3,5,99.8,197.71
CAS-2025-01217,2025-09-18,2025-09-25,Regulatory Approvals,Unit 4,Wales & South West,Standard Application,Completed,7,15,98.0,360.97
CAS-2025-01218,2025-02-18,2025-03-12,Operations,Unit 4,Midlands,Standard Application,Completed,22,15,87.5,878.83
CAS-2025-01219,2025-09-12,2025-10-07,Specialist Assessment,Unit 1,Wales & South West,Standard Application,Completed,25,15,100.0,1012.31
CAS-2025-01220,2025-10-15,2025-10-22,Regulatory Approvals,Unit 2,North & Scotland,Standard Application,Completed,7,15,100.0,358.35
CAS-2025-01221,2025-06-02,2025-06-10,Operations,Unit 2,Wales & South West,Standard Application,Completed,8,15,93.9,401.6
CAS-2025-01222,2025-06-23,2025-07-23,Operations,Unit 1,North & Scotland,Complex Inspection,Completed,30,45,91.0,1202.93
CAS-2025-01223,2025-09-25,2025-09-28,Specialist Assessment,Unit 2,London & South East,Urgent License,Completed,3,5,94.9,234.14
CAS-2025-01224,2025-08-24,2025-08-26,Operations,Unit 4,Midlands,Urgent License,Completed,2,5,96.4,174.96
CAS-2025-01225,2025-09-26,,Operations,Unit 1,London & South East,Complex Inspection,Under Review,36,45,,1376.84
CAS-2025-01226,2025-03-29,2025-04-02,Operations,Unit 2,North & Scotland,Urgent License,Completed,4,5,86.8,207.16
CAS-2025-01227,2025-01-30,2025-02-01,Specialist Assessment,Unit 3,London & South East,Urgent License,Completed,2,5,93.5,167.16
CAS-2025-01228,2025-05-24,2025-05-26,Customer Enforcement,Unit 4,London & South East,Urgent License,Completed,2,5,93.5,186.76
CAS-2025-01229,2025-01-10,2025-02-21,Customer Enforcement,Unit 2,North & Scotland,Complex Inspection,Completed,42,45,90.8,1578.53
CAS-2025-01230,2025-03-27,2025-03-29,Customer Enforcement,Unit 2,Midlands,Urgent License,Completed,2,5,97.0,188.84
CAS-2025-01231,2025-08-31,2025-09-26,Customer Enforcement,Unit 2,Wales & South West,Complex Inspection,Completed,26,45,96.8,1011.54
CAS-2025-01232,2025-05-12,2025-06-12,Customer Enforcement,Unit 4,Midlands,Complex Inspection,Completed,31,45,100.0,1150.82
CAS-2025-01233,2025-02-07,2025-02-16,Operations,Unit 4,London & South East,Standard Application,Completed,9,15,87.5,456.93
CAS-2025-01234,2025-08-09,2025-09-15,Regulatory Approvals,Unit 4,London & South East,Complex Inspection,Completed,37,45,100.0,1431.15
CAS-2025-01235,2025-03-23,2025-04-04,Regulatory Approvals,Unit 4,Wales & South West,Standard Application,Completed,12,15,99.3,490.9
CAS-2025-01236,2025-06-01,2025-07-19,Operations,Unit 2,Midlands,Complex Inspection,Completed,48,45,75.4,1768.75
CAS-2025-01237,2025-07-02,2025-07-09,Customer Enforcement,Unit 1,Midlands,Standard Application,Completed,7,15,96.8,378.64
CAS-2025-01238,2025-10-30,,Specialist Assessment,Unit 4,Midlands,Complex Inspection,Under Review,2,45,,132.83
CAS-2025-01239,2025-07-17,2025-09-27,Specialist Assessment,Unit 4,North & Scotland,Complex Inspection,Completed,72,45,93.8,2703.96
CAS-2025-01240,2025-09-16,2025-09-18,Operations,Unit 1,Midlands,Urgent License,Completed,2,5,83.7,172.81
CAS-2025-01241,2025-02-20,2025-03-09,Specialist Assessment,Unit 2,North & Scotland,Standard Application,Completed,17,15,89.8,733.76
CAS-2025-01242,2025-03-15,2025-04-08,Specialist Assessment,Unit 4,Midlands,Complex Inspection,Completed,24,45,94.4,992.39
CAS-2025-01243,2025-05-09,2025-05-17,Customer Enforcement,Unit 4,Midlands,Standard Application,Completed,8,15,90.4,426.26
CAS-2025-01244,2025-02-05,2025-02-12,Operations,Unit 4,Wales & South West,Standard Application,Completed,7,15,86.0,326.07
CAS-2025-01245,2025-08-08,2025-08-17,Customer Enforcement,Unit 2,Wales & South West,Standard Application,Completed,9,15,89.1,385.14
CAS-2025-01246,2025-08-16,2025-09-17,Operations,Unit 4,Midlands,Appeals & Inquiries,Completed,32,60,96.3,1239.24
CAS-2025-01247,2025-01-07,2025-02-12,Operations,Unit 3,Midlands,Complex Inspection,Completed,36,45,99.0,1406.77
CAS-2025-01248,2025-05-22,2025-06-03,Customer Enforcement,Unit 2,London & South East,Standard Application,Completed,12,15,89.7,495.81
CAS-2025-01249,2025-06-10,2025-06-26,Operations,Unit 4,North & Scotland,Standard Application,Completed,16,15,98.1,629.48
CAS-2025-01250,2025-01-28,2025-03-05,Customer Enforcement,Unit 1,North & Scotland,Complex Inspection,Completed,36,45,100.0,1336.17
CAS-2025-01251,2025-07-17,2025-07-29,Customer Enforcement,Unit 2,London & South East,Standard Application,Completed,12,15,90.8,562.2
CAS-2025-01252,2025-05-05,2025-05-07,Customer Enforcement,Unit 4,Wales & South West,Urgent License,Completed,2,5,91.1,156.6
CAS-2025-01253,2025-04-09,2025-04-17,Operations,Unit 3,London & South East,Standard Application,Completed,8,15,89.1,409.68
CAS-2025-01254,2025-08-02,2025-08-28,Operations,Unit 4,London & South East,Complex Inspection,Completed,26,45,86.3,998.55
CAS-2025-01255,2025-06-17,2025-06-24,Specialist Assessment,Unit 2,London & South East,Standard Application,Completed,7,15,97.3,352.37
CAS-2025-01256,2025-08-15,2025-08-18,Operations,Unit 4,North & Scotland,Urgent License,Completed,3,5,91.5,234.06
CAS-2025-01257,2025-09-24,2025-10-08,Operations,Unit 2,Wales & South West,Standard Application,Completed,14,15,100.0,626.79
CAS-2025-01258,2025-02-16,2025-03-21,Operations,Unit 2,Wales & South West,Complex Inspection,Completed,33,45,98.5,1277.28
CAS-2025-01259,2025-09-20,2025-09-22,Regulatory Approvals,Unit 1,North & Scotland,Urgent License,Completed,2,5,100.0,124.34
CAS-2025-01260,2025-01-08,2025-01-17,Specialist Assessment,Unit 4,Wales & South West,Standard Application,Completed,9,15,93.1,431.03
CAS-2025-01261,2025-09-03,2025-10-03,Specialist Assessment,Unit 1,Wales & South West,Complex Inspection,Completed,30,45,91.9,1127.24
CAS-2025-01262,2025-06-07,2025-06-10,Regulatory Approvals,Unit 4,Wales & South West,Urgent License,Completed,3,5,93.8,172.72
CAS-2025-01263,2025-10-10,2025-10-25,Regulatory Approvals,Unit 3,London & South East,Standard Application,Completed,15,15,88.9,679.85
CAS-2025-01264,2025-09-22,2025-10-22,Customer Enforcement,Unit 2,Midlands,Complex Inspection,Completed,30,45,84.5,1162.12
CAS-2025-01265,2025-08-01,2025-08-04,Operations,Unit 2,North & Scotland,Urgent License,Completed,3,5,89.3,165.22
CAS-2025-01266,2025-06-12,2025-06-25,Operations,Unit 1,North & Scotland,Standard Application,Completed,13,15,90.2,576.61
CAS-2025-01267,2025-06-25,2025-06-30,Regulatory Approvals,Unit 1,London & South East,Urgent License,Completed,5,5,89.1,258.99
CAS-2025-01268,2025-09-05,2025-09-07,Operations,Unit 3,Midlands,Urgent License,Completed,2,5,93.8,204.7
CAS-2025-01269,2025-05-08,2025-06-06,Regulatory Approvals,Unit 4,Midlands,Complex Inspection,Completed,29,45,98.2,1173.33
CAS-2025-01270,2025-02-08,2025-02-12,Customer Enforcement,Unit 4,London & South East,Urgent License,Completed,4,5,84.1,279.42
CAS-2025-01271,2025-08-07,2025-08-17,Regulatory Approvals,Unit 3,Midlands,Standard Application,Completed,10,15,92.8,443.04
CAS-2025-01272,2025-01-30,2025-02-08,Customer Enforcement,Unit 3,Wales & South West,Standard Application,Completed,9,15,98.6,372.22
CAS-2025-01273,2025-04-12,2025-04-30,Operations,Unit 4,London & South East,Standard Application,Completed,18,15,96.4,690.8
CAS-2025-01274,2025-07-25,2025-07-27,Customer Enforcement,Unit 3,Wales & South West,Urgent License,Completed,2,5,95.7,208.28
CAS-2025-01275,2025-04-30,2025-05-08,Customer Enforcement,Unit 1,Wales & South West,Standard Application,Completed,8,15,91.9,364.13
CAS-2025-01276,2025-07-22,2025-08-29,Operations,Unit 1,North & Scotland,Complex Inspection,Completed,38,45,90.2,1405.45
CAS-2025-01277,2025-09-21,2025-10-19,Specialist Assessment,Unit 1,Midlands,Standard Application,Completed,28,15,95.4,1127.82
CAS-2025-01278,2025-06-07,2025-06-10,Regulatory Approvals,Unit 3,Wales & South West,Urgent License,Completed,3,5,100.0,222.38
CAS-2025-01279,2025-10-31,,Customer Enforcement,Unit 3,Wales & South West,Standard Application,In Progress,1,15,,88.76
CAS-2025-01280,2025-02-04,2025-03-11,Customer Enforcement,Unit 4,Wales & South West,Complex Inspection,Completed,35,45,81.1,1335.96
CAS-2025-01281,2025-02-16,2025-02-24,Operations,Unit 3,Midlands,Standard Application,Completed,8,15,87.9,428.81
CAS-2025-01282,2025-02-07,2025-02-17,Regulatory Approvals,Unit 1,North & Scotland,Standard Application,Completed,10,15,90.5,453.77
CAS-2025-01283,2025-07-13,2025-08-18,Operations,Unit 3,North & Scotland,Appeals & Inquiries,Completed,36,60,86.9,1368.7
CAS-2025-01284,2025-08-02,2025-08-09,Operations,Unit 1,London & South East,Standard Application,Completed,7,15,89.4,395.65
CAS-2025-01285,2025-04-03,2025-04-13,Regulatory Approvals,Unit 3,Wales & South West,Standard Application,Completed,10,15,87.8,452.43
CAS-2025-01286,2025-06-26,2025-07-04,Regulatory Approvals,Unit 2,London & South East,Standard Application,Completed,8,15,98.5,391.2
CAS-2025-01287,2025-04-16,2025-04-23,Operations,Unit 2,London & South East,Standard Application,Completed,7,15,88.5,360.21
CAS-2025-01288,2025-10-04,2025-10-07,Operations,Unit 3,North & Scotland,Urgent License,Completed,3,5,89.6,195.96
CAS-2025-01289,2025-04-18,2025-05-16,Customer Enforcement,Unit 4,Wales & South West,Complex Inspection,Completed,28,45,88.1,1111.46
CAS-2025-01290,2025-10-28,,Customer Enforcement,Unit 4,Midlands,Complex Inspection,Awaiting Evidence,4,45,,197.11
CAS-2025-01291,2025-08-03,2025-08-15,Operations,Unit 4,Midlands,Standard Application,Completed,12,15,95.5,485.23
CAS-2025-01292,2025-08-27,2025-09-03,Regulatory Approvals,Unit 4,London & South East,Standard Application,Completed,7,15,98.5,333.98
CAS-2025-01293,2025-09-15,2025-09-26,Regulatory Approvals,Unit 1,Midlands,Standard Application,Completed,11,15,93.2,527.87
CAS-2025-01294,2025-03-25,2025-05-16,Regulatory Approvals,Unit 1,Midlands,Complex Inspection,Completed,52,45,96.6,1995.13
CAS-2025-01295,2025-09-15,2025-09-25,Operations,Unit 2,Wales & South West,Standard Application,Completed,10,15,88.7,417.3
CAS-2025-01296,2025-02-18,2025-02-20,Operations,Unit 1,North & Scotland,Urgent License,Completed,2,5,92.6,159.74
CAS-2025-01297,2025-04-17,2025-04-25,Regulatory Approvals,Unit 3,London & South East,Standard Application,Completed,8,15,90.4,413.84
CAS-2025-01298,2025-07-14,2025-07-23,Specialist Assessment,Unit 3,London & South East,Standard Application,Completed,9,15,100.0,427.72
CAS-2025-01299,2025-04-28,2025-05-06,Customer Enforcement,Unit 1,Wales & South West,Standard Application,Completed,8,15,85.4,423.01
CAS-2025-01300,2025-07-12,2025-08-12,Specialist Assessment,Unit 3,London & South East,Complex Inspection,Completed,31,45,90.7,1151.17
CAS-2025-01301,2025-05-06,2025-05-09,Regulatory Approvals,Unit 1,Midlands,Urgent License,Completed,3,5,93.6,212.47
CAS-2025-01302,2025-01-31,2025-02-07,Regulatory Approvals,Unit 1,Midlands,Standard Application,Completed,7,15,98.9,349.05
CAS-2025-01303,2025-03-16,2025-04-04,Operations,Unit 2,North & Scotland,Standard Application,Completed,19,15,81.4,755.82
CAS-2025-01304,2025-05-05,2025-06-06,Regulatory Approvals,Unit 2,Midlands,Appeals & Inquiries,Completed,32,60,83.3,1281.59
CAS-2025-01305,2025-02-04,2025-02-13,Specialist Assessment,Unit 4,Midlands,Urgent License,Completed,9,5,82.8,403.54
CAS-2025-01306,2025-03-09,2025-04-04,Specialist Assessment,Unit 1,London & South East,Complex Inspection,Completed,26,45,83.1,997.69
CAS-2025-01307,2025-02-11,2025-02-21,Customer Enforcement,Unit 1,North & Scotland,Standard Application,Completed,10,15,85.3,488.07
CAS-2025-01308,2025-04-02,2025-04-17,Regulatory Approvals,Unit 1,North & Scotland,Standard Application,Completed,15,15,96.5,603.23
CAS-2025-01309,2025-09-30,2025-10-14,Customer Enforcement,Unit 2,Wales & South West,Standard Application,Completed,14,15,100.0,561.8
CAS-2025-01310,2025-01-05,2025-01-28,Regulatory Approvals,Unit 4,Midlands,Standard Application,Completed,23,15,90.3,957.45
CAS-2025-01311,2025-09-24,2025-10-07,Operations,Unit 3,Wales & South West,Standard Application,Completed,13,15,87.9,579.58
CAS-2025-01312,2025-02-15,2025-03-31,Operations,Unit 2,London & South East,Appeals & Inquiries,Completed,44,60,92.5,1621.37
CAS-2025-01313,2025-03-11,2025-03-19,Regulatory Approvals,Unit 2,Wales & South West,Standard Application,Completed,8,15,88.4,385.13
CAS-2025-01314,2025-09-06,2025-09-09,Operations,Unit 1,North & Scotland,Urgent License,Completed,3,5,100.0,200.85
CAS-2025-01315,2025-06-24,2025-07-28,Customer Enforcement,Unit 4,North & Scotland,Appeals & Inquiries,Completed,34,60,99.0,1346.31
CAS-2025-01316,2025-05-27,2025-06-20,Operations,Unit 3,North & Scotland,Standard Application,Completed,24,15,90.8,924.07
CAS-2025-01317,2025-07-27,2025-08-13,Customer Enforcement,Unit 2,London & South East,Standard Application,Completed,17,15,100.0,717.95
CAS-2025-01318,2025-07-23,2025-08-14,Customer Enforcement,Unit 4,North & Scotland,Standard Application,Completed,22,15,94.8,831.89
CAS-2025-01319,2025-01-19,2025-01-26,Operations,Unit 2,London & South East,Standard Application,Completed,7,15,91.3,361.79
CAS-2025-01320,2025-02-06,2025-02-11,Operations,Unit 4,London & South East,Urgent License,Completed,5,5,89.9,315.94
CAS-2025-01321,2025-02-04,2025-02-11,Regulatory Approvals,Unit 4,North & Scotland,Standard Application,Completed,7,15,82.2,305.1
CAS-2025-01322,2025-03-13,2025-04-13,Operations,Unit 4,London & South East,Appeals & Inquiries,Completed,31,60,82.2,1246.01
CAS-2025-01323,2025-05-03,2025-05-19,Specialist Assessment,Unit 2,Wales & South West,Standard Application,Completed,16,15,91.2,632.52
CAS-2025-01324,2025-01-13,2025-01-16,Regulatory Approvals,Unit 3,Wales & South West,Urgent License,Completed,3,5,82.3,185.75
CAS-2025-01325,2025-04-30,2025-05-10,Regulatory Approvals,Unit 3,Midlands,Standard Application,Completed,10,15,95.8,502.9
CAS-2025-01326,2025-01-21,2025-01-23,Operations,Unit 3,London & South East,Urgent License,Completed,2,5,84.6,192.98
CAS-2025-01327,2025-02-01,2025-02-26,Regulatory Approvals,Unit 2,Wales & South West,Complex Inspection,Completed,25,45,85.4,1008.9
CAS-2025-01328,2025-02-22,2025-03-20,Customer Enforcement,Unit 2,Midlands,Complex Inspection,Completed,26,45,96.7,1050.53
CAS-2025-01329,2025-01-12,2025-01-23,Regulatory Approvals,Unit 2,Midlands,Standard Application,Completed,11,15,88.2,468.12
CAS-2025-01330,2025-10-21,2025-10-30,Specialist Assessment,Unit 4,Midlands,Standard Application,Completed,9,15,92.1,463.54
CAS-2025-01331,2025-06-06,2025-06-17,Specialist Assessment,Unit 1,London & South East,Standard Application,Completed,11,15,93.2,531.22
CAS-2025-01332,2025-05-21,2025-07-12,Regulatory Approvals,Unit 2,Wales & South West,Appeals & Inquiries,Completed,52,60,98.4,1907.6
CAS-2025-01333,2025-08-06,2025-08-10,Regulatory Approvals,Unit 4,North & Scotland,Urgent License,Completed,4,5,89.5,279.55
CAS-2025-01334,2025-04-11,2025-06-04,Specialist Assessment,Unit 4,North & Scotland,Appeals & Inquiries,Completed,54,60,88.3,1996.81
CAS-2025-01335,2025-01-21,2025-02-22,Regulatory Approvals,Unit 3,Wales & South West,Appeals & Inquiries,Completed,32,60,77.4,1272.58
CAS-2025-01336,2025-10-30,2025-11-01,Operations,Unit 4,Midlands,Urgent License,Completed,2,5,91.8,206.9
CAS-2025-01337,2025-01-13,2025-01-15,Regulatory Approvals,Unit 1,Wales & South West,Urgent License,Completed,2,5,89.8,209.02
CAS-2025-01338,2025-04-10,2025-04-17,Regulatory Approvals,Unit 1,London & South East,Standard Application,Completed,7,15,100.0,363.66
CAS-2025-01339,2025-10-01,2025-10-13,Customer Enforcement,Unit 2,Wales & South West,Standard Application,Completed,12,15,100.0,484.53
CAS-2025-01340,2025-08-23,2025-09-02,Operations,Unit 1,London & South East,Standard Application,Completed,10,15,86.0,431.76
CAS-2025-01341,2025-02-22,2025-04-29,Regulatory Approvals,Unit 1,London & South East,Appeals & Inquiries,Completed,66,60,93.1,2396.14
CAS-2025-01342,2025-04-21,2025-05-04,Operations,Unit 4,Midlands,Standard Application,Completed,13,15,92.5,599.26
CAS-2025-01343,2025-07-07,2025-07-15,Operations,Unit 1,Wales & South West,Standard Application,Completed,8,15,89.3,419.71
CAS-2025-01344,2025-06-30,2025-07-08,Operations,Unit 3,Midlands,Standard Application,Completed,8,15,90.0,377.55
CAS-2025-01345,2025-08-12,2025-09-11,Operations,Unit 1,North & Scotland,Complex Inspection,Completed,30,45,97.9,1212.42
CAS-2025-01346,2025-04-21,2025-04-24,Regulatory Approvals,Unit 4,North & Scotland,Urgent License,Completed,3,5,83.9,185.61
CAS-2025-01347,2025-02-14,2025-02-22,Operations,Unit 4,Wales & South West,Standard Application,Completed,8,15,91.4,408.74
CAS-2025-01348,2025-08-06,2025-08-16,Regulatory Approvals,Unit 4,London & South East,Standard Application,Completed,10,15,82.1,470.1
CAS-2025-01349,2025-05-23,2025-06-05,Regulatory Approvals,Unit 2,London & South East,Standard Application,Completed,13,15,97.0,596.22
CAS-2025-01350,2025-10-28,,Operations,Unit 1,London & South East,Complex Inspection,Under Review,4,45,,259.41
CAS-2025-01351,2025-02-18,2025-03-26,Specialist Assessment,Unit 2,Wales & South West,Complex Inspection,Completed,36,45,93.5,1334.06
CAS-2025-01352,2025-06-23,2025-07-04,Operations,Unit 1,Midlands,Standard Application,Completed,11,15,85.5,536.29
CAS-2025-01353,2025-08-14,2025-09-08,Operations,Unit 1,Midlands,Complex Inspection,Completed,25,45,91.1,964.97
CAS-2025-01354,2025-03-27,2025-04-06,Customer Enforcement,Unit 2,Midlands,Standard Application,Completed,10,15,98.5,453.13
CAS-2025-01355,2025-08-23,2025-10-06,Regulatory Approvals,Unit 1,Wales & South West,Appeals & Inquiries,Completed,44,60,93.1,1651.19
CAS-2025-01356,2025-03-11,2025-03-20,Operations,Unit 4,North & Scotland,Standard Application,Completed,9,15,92.2,391.41
CAS-2025-01357,2025-03-30,2025-04-06,Specialist Assessment,Unit 3,North & Scotland,Standard Application,Completed,7,15,95.7,299.92
CAS-2025-01358,2025-04-18,2025-07-21,Customer Enforcement,Unit 3,London & South East,Appeals & Inquiries,Completed,94,60,94.6,3462.73
CAS-2025-01359,2025-05-21,2025-05-29,Specialist Assessment,Unit 2,Wales & South West,Standard Application,Completed,8,15,92.1,379.82
CAS-2025-01360,2025-03-22,2025-03-25,Operations,Unit 4,Midlands,Urgent License,Completed,3,5,95.7,179.37
CAS-2025-01361,2025-06-20,2025-06-30,Operations,Unit 2,Wales & South West,Standard Application,Completed,10,15,90.8,485.83
CAS-2025-01362,2025-10-05,2025-10-17,Regulatory Approvals,Unit 1,London & South East,Standard Application,Completed,12,15,89.8,515.78
CAS-2025-01363,2025-06-04,2025-07-08,Specialist Assessment,Unit 1,Wales & South West,Complex Inspection,Completed,34,45,88.1,1320.54
CAS-2025-01364,2025-04-27,2025-05-05,Operations,Unit 3,London & South East,Standard Application,Completed,8,15,99.5,375.56
CAS-2025-01365,2025-04-24,2025-05-24,Specialist Assessment,Unit 2,London & South East,Appeals & Inquiries,Completed,30,60,80.5,1198.98
CAS-2025-01366,2025-02-10,2025-02-26,Operations,Unit 2,London & South East,Standard Application,Completed,16,15,82.8,676.01
CAS-2025-01367,2025-04-09,2025-04-18,Operations,Unit 3,North & Scotland,Standard Application,Completed,9,15,100.0,459.88
CAS-2025-01368,2025-06-03,2025-06-06,Specialist Assessment,Unit 1,Midlands,Urgent License,Completed,3,5,83.3,215.61
CAS-2025-01369,2025-02-10,2025-02-22,Operations,Unit 4,North & Scotland,Standard Application,Completed,12,15,91.9,512.44
CAS-2025-01370,2025-09-28,2025-10-13,Specialist Assessment,Unit 1,North & Scotland,Standard Application,Completed,15,15,88.1,664.98
CAS-2025-01371,2025-10-17,2025-10-26,Specialist Assessment,Unit 3,London & South East,Standard Application,Completed,9,15,99.3,373.26
CAS-2025-01372,2025-09-11,2025-10-06,Regulatory Approvals,Unit 1,London & South East,Complex Inspection,Completed,25,45,100.0,957.56
CAS-2025-01373,2025-04-13,2025-04-20,Operations,Unit 1,Wales & South West,Standard Application,Completed,7,15,86.9,371.43
CAS-2025-01374,2025-02-07,2025-02-21,Customer Enforcement,Unit 4,North & Scotland,Standard Application,Completed,14,15,97.1,628.8
CAS-2025-01375,2025-04-22,2025-05-10,Customer Enforcement,Unit 2,London & South East,Standard Application,Completed,18,15,93.4,769.67
CAS-2025-01376,2025-02-08,2025-03-06,Operations,Unit 2,London & South East,Complex Inspection,Completed,26,45,84.3,1048.38
CAS-2025-01377,2025-02-01,2025-04-14,Operations,Unit 3,Midlands,Complex Inspection,Completed,72,45,81.2,2610.24
CAS-2025-01378,2025-09-30,,Regulatory Approvals,Unit 4,North & Scotland,Complex Inspection,Awaiting Evidence,32,45,,1264.07
CAS-2025-01379,2025-07-10,2025-09-13,Regulatory Approvals,Unit 4,London & South East,Appeals & Inquiries,Completed,65,60,98.5,2403.67
CAS-2025-01380,2025-01-01,2025-01-04,Operations,Unit 2,North & Scotland,Urgent License,Completed,3,5,98.0,159.59
CAS-2025-01381,2025-06-18,2025-07-13,Operations,Unit 1,Midlands,Standard Application,Completed,25,15,94.6,1010.21
CAS-2025-01382,2025-06-24,2025-07-04,Regulatory Approvals,Unit 4,London & South East,Standard Application,Completed,10,15,96.7,455.67
CAS-2025-01383,2025-05-08,2025-05-10,Specialist Assessment,Unit 1,North & Scotland,Urgent License,Completed,2,5,94.9,205.33
CAS-2025-01384,2025-09-04,2025-09-07,Operations,Unit 3,London & South East,Urgent License,Completed,3,5,99.5,253.2
CAS-2025-01385,2025-07-12,2025-08-03,Operations,Unit 4,Midlands,Standard Application,Completed,22,15,94.5,911.88
CAS-2025-01386,2025-04-05,2025-04-09,Operations,Unit 3,Midlands,Urgent License,Completed,4,5,90.2,271.67
CAS-2025-01387,2025-01-07,2025-01-15,Operations,Unit 3,North & Scotland,Urgent License,Completed,8,5,83.9,350.28
CAS-2025-01388,2025-04-23,2025-05-02,Operations,Unit 1,North & Scotland,Standard Application,Completed,9,15,96.1,463.0
CAS-2025-01389,2025-01-05,2025-01-19,Customer Enforcement,Unit 2,London & South East,Standard Application,Completed,14,15,88.8,615.54
CAS-2025-01390,2025-07-16,2025-08-11,Operations,Unit 2,North & Scotland,Standard Application,Completed,26,15,81.8,1051.49
CAS-2025-01391,2025-03-20,2025-03-23,Operations,Unit 3,North & Scotland,Urgent License,Completed,3,5,91.8,254.21
CAS-2025-01392,2025-01-06,2025-02-02,Regulatory Approvals,Unit 4,Midlands,Complex Inspection,Completed,27,45,90.4,1066.72
CAS-2025-01393,2025-08-07,2025-09-11,Regulatory Approvals,Unit 3,North & Scotland,Complex Inspection,Completed,35,45,96.5,1347.46
CAS-2025-01394,2025-06-15,2025-06-22,Specialist Assessment,Unit 3,North & Scotland,Standard Application,Completed,7,15,100.0,393.64
CAS-2025-01395,2025-02-10,2025-03-22,Operations,Unit 4,North & Scotland,Complex Inspection,Completed,40,45,99.1,1531.0
CAS-2025-01396,2025-08-21,2025-08-29,Regulatory Approvals,Unit 3,Wales & South West,Standard Application,Completed,8,15,98.1,345.71
CAS-2025-01397,2025-09-23,2025-10-23,Regulatory Approvals,Unit 3,Midlands,Appeals & Inquiries,Completed,30,60,95.6,1152.36
CAS-2025-01398,2025-10-11,,Regulatory Approvals,Unit 1,Wales & South West,Appeals & Inquiries,Under Review,21,60,,891.26
CAS-2025-01399,2025-03-14,2025-06-06,Customer Enforcement,Unit 2,Wales & South West,Complex Inspection,Completed,84,45,99.8,3042.19
CAS-2025-01400,2025-10-10,,Regulatory Approvals,Unit 3,Wales & South West,Complex Inspection,Under Review,22,45,,856.87
CAS-2025-01401,2025-04-03,2025-05-08,Regulatory Approvals,Unit 3,Midlands,Appeals & Inquiries,Completed,35,60,100.0,1362.59
CAS-2025-01402,2025-06-17,2025-07-05,Regulatory Approvals,Unit 1,North & Scotland,Standard Application,Completed,18,15,95.2,691.95
CAS-2025-01403,2025-08-13,2025-08-20,Operations,Unit 1,North & Scotland,Standard Application,Completed,7,15,100.0,359.17
CAS-2025-01404,2025-01-16,2025-01-21,Operations,Unit 4,North & Scotland,Urgent License,Completed,5,5,90.2,309.8
CAS-2025-01405,2025-03-18,2025-04-15,Customer Enforcement,Unit 3,Midlands,Complex Inspection,Completed,28,45,89.6,1064.62
CAS-2025-01406,2025-04-17,2025-05-05,Regulatory Approvals,Unit 1,Wales & South West,Standard Application,Completed,18,15,100.0,755.65
CAS-2025-01407,2025-02-25,2025-03-01,Customer Enforcement,Unit 2,London & South East,Urgent License,Completed,4,5,92.0,245.5
CAS-2025-01408,2025-04-17,2025-04-19,Specialist Assessment,Unit 4,Midlands,Urgent License,Completed,2,5,99.6,165.39
CAS-2025-01409,2025-07-04,2025-07-14,Operations,Unit 2,Wales & South West,Standard Application,Completed,10,15,97.9,406.15
CAS-2025-01410,2025-05-01,2025-05-08,Operations,Unit 2,London & South East,Standard Application,Completed,7,15,86.0,317.06
CAS-2025-01411,2025-01-21,2025-01-24,Customer Enforcement,Unit 3,London & South East,Urgent License,Completed,3,5,91.4,211.84
CAS-2025-01412,2025-06-02,2025-06-06,Operations,Unit 3,Midlands,Urgent License,Completed,4,5,96.7,222.78
CAS-2025-01413,2025-02-01,2025-03-04,Customer Enforcement,Unit 1,Wales & South West,Complex Inspection,Completed,31,45,86.6,1182.36
CAS-2025-01414,2025-05-17,2025-05-27,Operations,Unit 1,North & Scotland,Standard Application,Completed,10,15,87.4,484.45
CAS-2025-01415,2025-03-28,2025-04-30,Customer Enforcement,Unit 3,Wales & South West,Complex Inspection,Completed,33,45,85.4,1288.86
CAS-2025-01416,2025-05-21,2025-05-30,Customer Enforcement,Unit 4,North & Scotland,Standard Application,Completed,9,15,94.2,443.56
CAS-2025-01417,2025-03-26,2025-04-21,Customer Enforcement,Unit 2,Wales & South West,Complex Inspection,Completed,26,45,87.7,983.53
CAS-2025-01418,2025-06-11,2025-06-18,Regulatory Approvals,Unit 4,North & Scotland,Standard Application,Completed,7,15,84.4,337.6
CAS-2025-01419,2025-05-27,2025-08-27,Operations,Unit 2,Wales & South West,Complex Inspection,Completed,92,45,100.0,3403.15
CAS-2025-01420,2025-07-14,2025-07-24,Regulatory Approvals,Unit 3,Midlands,Standard Application,Completed,10,15,89.0,446.2
CAS-2025-01421,2025-09-03,2025-10-26,Regulatory Approvals,Unit 1,Wales & South West,Appeals & Inquiries,Completed,53,60,96.5,1975.41
CAS-2025-01422,2025-10-09,2025-10-13,Regulatory Approvals,Unit 1,London & South East,Urgent License,Completed,4,5,92.0,269.3
CAS-2025-01423,2025-04-13,2025-04-15,Regulatory Approvals,Unit 1,Midlands,Urgent License,Completed,2,5,100.0,183.84
CAS-2025-01424,2025-10-09,,Operations,Unit 1,Midlands,Complex Inspection,In Progress,23,45,,913.01
CAS-2025-01425,2025-03-27,2025-04-10,Customer Enforcement,Unit 3,Wales & South West,Standard Application,Completed,14,15,85.3,592.13
CAS-2025-01426,2025-05-27,2025-06-03,Specialist Assessment,Unit 1,North & Scotland,Standard Application,Completed,7,15,99.4,388.68
CAS-2025-01427,2025-02-17,2025-02-25,Operations,Unit 4,Midlands,Standard Application,Completed,8,15,89.3,408.31
CAS-2025-01428,2025-08-08,2025-08-18,Regulatory Approvals,Unit 1,London & South East,Standard Application,Completed,10,15,87.5,477.92
CAS-2025-01429,2025-02-09,2025-02-22,Operations,Unit 2,Wales & South West,Standard Application,Completed,13,15,91.4,577.17
CAS-2025-01430,2025-04-17,2025-04-22,Specialist Assessment,Unit 2,North & Scotland,Urgent License,Completed,5,5,100.0,237.04
CAS-2025-01431,2025-07-26,2025-08-06,Operations,Unit 4,Wales & South West,Standard Application,Completed,11,15,83.7,492.61
CAS-2025-01432,2025-10-22,2025-10-30,Regulatory Approvals,Unit 4,London & South East,Standard Application,Completed,8,15,87.2,400.25
CAS-2025-01433,2025-08-08,2025-08-19,Operations,Unit 2,London & South East,Standard Application,Completed,11,15,100.0,483.82
CAS-2025-01434,2025-10-19,2025-10-21,Specialist Assessment,Unit 1,Midlands,Urgent License,Completed,2,5,100.0,159.62
CAS-2025-01435,2025-04-14,2025-04-23,Operations,Unit 4,London & South East,Standard Application,Completed,9,15,88.1,460.28
CAS-2025-01436,2025-10-27,,Customer Enforcement,Unit 4,London & South East,Complex Inspection,Under Review,5,45,,309.68
CAS-2025-01437,2025-05-26,2025-07-01,Specialist Assessment,Unit 1,Wales & South West,Complex Inspection,Completed,36,45,99.9,1350.5
CAS-2025-01438,2025-06-22,2025-07-04,Customer Enforcement,Unit 1,Midlands,Standard Application,Completed,12,15,96.4,558.38
CAS-2025-01439,2025-03-15,2025-03-19,Regulatory Approvals,Unit 3,North & Scotland,Urgent License,Completed,4,5,86.3,235.23
CAS-2025-01440,2025-09-14,2025-10-01,Regulatory Approvals,Unit 2,Midlands,Standard Application,Completed,17,15,100.0,735.93
CAS-2025-01441,2025-04-30,2025-05-08,Specialist Assessment,Unit 4,Midlands,Standard Application,Completed,8,15,100.0,377.64
CAS-2025-01442,2025-03-18,2025-03-29,Customer Enforcement,Unit 2,Wales & South West,Standard Application,Completed,11,15,92.6,447.23
CAS-2025-01443,2025-06-25,2025-08-26,Customer Enforcement,Unit 4,North & Scotland,Appeals & Inquiries,Completed,62,60,100.0,2281.4
CAS-2025-01444,2025-09-26,2025-10-10,Operations,Unit 4,North & Scotland,Standard Application,Completed,14,15,84.9,603.62
CAS-2025-01445,2025-10-31,,Operations,Unit 2,Midlands,Standard Application,In Progress,1,15,,161.73
CAS-2025-01446,2025-07-02,2025-08-10,Customer Enforcement,Unit 3,Midlands,Complex Inspection,Completed,39,45,93.5,1492.6
CAS-2025-01447,2025-03-02,2025-03-28,Regulatory Approvals,Unit 3,North & Scotland,Complex Inspection,Completed,26,45,98.3,1030.88
CAS-2025-01448,2025-02-17,2025-03-27,Regulatory Approvals,Unit 4,North & Scotland,Appeals & Inquiries,Completed,38,60,83.2,1498.56
CAS-2025-01449,2025-09-25,2025-10-15,Regulatory Approvals,Unit 2,London & South East,Standard Application,Completed,20,15,92.8,810.4
CAS-2025-01450,2025-10-15,,Regulatory Approvals,Unit 2,North & Scotland,Complex Inspection,Under Review,17,45,,746.0
CAS-2025-01451,2025-05-13,2025-06-13,Operations,Unit 3,North & Scotland,Appeals & Inquiries,Completed,31,60,100.0,1231.53
CAS-2025-01452,2025-07-12,2025-07-24,Operations,Unit 4,Midlands,Standard Application,Completed,12,15,94.1,559.74
CAS-2025-01453,2025-05-22,2025-05-30,Operations,Unit 2,Wales & South West,Standard Application,Completed,8,15,80.0,402.57
CAS-2025-01454,2025-06-15,2025-06-23,Regulatory Approvals,Unit 4,Midlands,Standard Application,Completed,8,15,79.7,391.26
CAS-2025-01455,2025-08-18,2025-09-12,Regulatory Approvals,Unit 2,Midlands,Complex Inspection,Completed,25,45,100.0,944.15
CAS-2025-01456,2025-07-28,2025-08-01,Regulatory Approvals,Unit 4,North & Scotland,Urgent License,Completed,4,5,96.5,213.12
CAS-2025-01457,2025-02-14,2025-02-28,Specialist Assessment,Unit 4,Wales & South West,Standard Application,Completed,14,15,88.4,616.12
CAS-2025-01458,2025-08-11,2025-08-13,Specialist Assessment,Unit 4,North & Scotland,Urgent License,Completed,2,5,88.2,154.53
CAS-2025-01459,2025-08-19,2025-10-17,Regulatory Approvals,Unit 4,London & South East,Complex Inspection,Completed,59,45,95.0,2223.44
CAS-2025-01460,2025-03-12,2025-03-20,Operations,Unit 2,North & Scotland,Standard Application,Completed,8,15,80.9,344.1
CAS-2025-01461,2025-02-21,2025-03-26,Regulatory Approvals,Unit 4,North & Scotland,Appeals & Inquiries,Completed,33,60,89.5,1284.56
CAS-2025-01462,2025-04-03,2025-04-12,Operations,Unit 4,Midlands,Standard Application,Completed,9,15,89.1,436.9
CAS-2025-01463,2025-02-05,2025-02-14,Operations,Unit 2,Wales & South West,Standard Application,Completed,9,15,91.8,399.74
CAS-2025-01464,2025-10-29,,Customer Enforcement,Unit 1,Wales & South West,Complex Inspection,Awaiting Evidence,3,45,,187.67
CAS-2025-01465,2025-04-22,2025-05-19,Operations,Unit 3,London & South East,Standard Application,Completed,27,15,86.9,1048.07
CAS-2025-01466,2025-04-16,2025-04-25,Operations,Unit 2,London & South East,Standard Application,Completed,9,15,93.3,435.92
CAS-2025-01467,2025-04-16,2025-04-25,Operations,Unit 3,North & Scotland,Urgent License,Completed,9,5,92.1,458.45
CAS-2025-01468,2025-05-28,2025-06-09,Operations,Unit 1,Midlands,Standard Application,Completed,12,15,100.0,541.81
CAS-2025-01469,2025-09-06,2025-09-16,Specialist Assessment,Unit 2,Wales & South West,Standard Application,Completed,10,15,95.5,481.24
CAS-2025-01470,2025-08-17,2025-10-12,Regulatory Approvals,Unit 1,London & South East,Complex Inspection,Completed,56,45,94.4,2131.23
CAS-2025-01471,2025-06-09,2025-06-11,Operations,Unit 3,Midlands,Urgent License,Completed,2,5,91.5,206.43
CAS-2025-01472,2025-05-11,2025-05-30,Operations,Unit 2,Wales & South West,Standard Application,Completed,19,15,92.4,738.8
CAS-2025-01473,2025-07-25,2025-07-28,Operations,Unit 2,North & Scotland,Urgent License,Completed,3,5,94.7,229.45
CAS-2025-01474,2025-09-12,2025-09-20,Operations,Unit 4,London & South East,Standard Application,Completed,8,15,100.0,392.89
CAS-2025-01475,2025-01-13,2025-01-22,Regulatory Approvals,Unit 2,Midlands,Standard Application,Completed,9,15,100.0,392.71
CAS-2025-01476,2025-09-30,,Operations,Unit 4,Midlands,Appeals & Inquiries,Under Review,32,60,,1209.81
CAS-2025-01477,2025-07-06,2025-07-10,Regulatory Approvals,Unit 1,London & South East,Urgent License,Completed,4,5,100.0,243.29
CAS-2025-01478,2025-10-13,2025-10-28,Specialist Assessment,Unit 4,Midlands,Standard Application,Completed,15,15,95.6,599.57
CAS-2025-01479,2025-04-04,2025-05-13,Operations,Unit 3,London & South East,Complex Inspection,Completed,39,45,92.1,1484.63
CAS-2025-01480,2025-06-29,,Operations,Unit 1,Wales & South West,Appeals & Inquiries,Under Review,125,60,,4562.87
CAS-2025-01481,2025-07-27,2025-08-21,Operations,Unit 3,Wales & South West,Complex Inspection,Completed,25,45,97.3,998.33
CAS-2025-01482,2025-03-13,2025-04-09,Specialist Assessment,Unit 4,London & South East,Complex Inspection,Completed,27,45,92.6,1073.65
CAS-2025-01483,2025-08-09,2025-09-17,Specialist Assessment,Unit 4,North & Scotland,Appeals & Inquiries,Completed,39,60,88.1,1466.3
CAS-2025-01484,2025-07-11,2025-07-20,Regulatory Approvals,Unit 4,London & South East,Standard Application,Completed,9,15,86.0,398.88
CAS-2025-01485,2025-04-14,2025-05-26,Specialist Assessment,Unit 4,North & Scotland,Complex Inspection,Completed,42,45,84.6,1572.75
CAS-2025-01486,2025-02-07,2025-03-08,Specialist Assessment,Unit 3,Wales & South West,Complex Inspection,Completed,29,45,97.3,1178.51
CAS-2025-01487,2025-07-05,2025-07-21,Operations,Unit 2,Wales & South West,Standard Application,Completed,16,15,100.0,626.9
CAS-2025-01488,2025-10-31,,Customer Enforcement,Unit 3,Wales & South West,Standard Application,Awaiting Evidence,1,15,,91.68
CAS-2025-01489,2025-05-17,2025-05-26,Operations,Unit 4,Wales & South West,Standard Application,Completed,9,15,97.1,388.44
CAS-2025-01490,2025-04-28,2025-05-01,Regulatory Approvals,Unit 2,Wales & South West,Urgent License,Completed,3,5,91.4,246.94
CAS-2025-01491,2025-01-05,2025-01-08,Operations,Unit 3,Wales & South West,Urgent License,Completed,3,5,89.6,228.21
CAS-2025-01492,2025-05-20,2025-06-18,Specialist Assessment,Unit 3,Wales & South West,Complex Inspection,Completed,29,45,95.5,1098.56
CAS-2025-01493,2025-06-07,2025-06-12,Specialist Assessment,Unit 1,London & South East,Urgent License,Completed,5,5,91.7,239.19
CAS-2025-01494,2025-09-10,2025-10-13,Regulatory Approvals,Unit 2,Midlands,Complex Inspection,Completed,33,45,84.2,1237.94
CAS-2025-01495,2025-03-11,2025-04-21,Specialist Assessment,Unit 4,Wales & South West,Complex Inspection,Completed,41,45,100.0,1595.34
CAS-2025-01496,2025-08-30,2025-09-07,Regulatory Approvals,Unit 4,London & South East,Standard Application,Completed,8,15,96.9,412.0
CAS-2025-01497,2025-08-25,2025-09-05,Operations,Unit 1,Wales & South West,Standard Application,Completed,11,15,93.9,518.85
CAS-2025-01498,2025-07-07,2025-07-24,Regulatory Approvals,Unit 3,Wales & South West,Standard Application,Completed,17,15,90.7,732.45
CAS-2025-01499,2025-08-08,2025-09-18,Specialist Assessment,Unit 1,North & Scotland,Appeals & Inquiries,Completed,41,60,89.4,1510.78
CAS-2025-01500,2025-03-17,2025-05-03,Regulatory Approvals,Unit 2,Wales & South West,Appeals & Inquiries,Completed,47,60,91.1,1732.29
CAS-2025-01501,2025-07-01,2025-07-19,Specialist Assessment,Unit 3,London & South East,Standard Application,Completed,18,15,89.1,694.18
CAS-2025-01502,2025-03-31,2025-04-18,Operations,Unit 2,London & South East,Standard Application,Completed,18,15,94.5,745.57
CAS-2025-01503,2025-01-14,2025-01-17,Operations,Unit 1,North & Scotland,Urgent License,Completed,3,5,80.8,249.76
CAS-2025-01504,2025-01-06,2025-01-17,Regulatory Approvals,Unit 2,London & South East,Standard Application,Completed,11,15,89.7,534.21
CAS-2025-01505,2025-01-20,2025-02-19,Operations,Unit 3,Wales & South West,Complex Inspection,Completed,30,45,87.7,1166.23
CAS-2025-01506,2025-03-04,2025-03-13,Specialist Assessment,Unit 4,North & Scotland,Standard Application,Completed,9,15,87.4,424.57
CAS-2025-01507,2025-05-02,2025-06-02,Customer Enforcement,Unit 4,Wales & South West,Complex Inspection,Completed,31,45,89.2,1185.99
CAS-2025-01508,2025-05-21,2025-05-29,Regulatory Approvals,Unit 4,Midlands,Standard Application,Completed,8,15,90.3,362.8
CAS-2025-01509,2025-10-23,2025-11-01,Operations,Unit 4,Wales & South West,Standard Application,Completed,9,15,82.9,419.74
CAS-2025-01510,2025-06-20,2025-06-22,Operations,Unit 3,London & South East,Urgent License,Completed,2,5,93.9,167.46
CAS-2025-01511,2025-04-13,2025-04-26,Regulatory Approvals,Unit 1,Wales & South West,Standard Application,Completed,13,15,100.0,554.35
CAS-2025-01512,2025-03-01,2025-03-25,Regulatory Approvals,Unit 2,London & South East,Complex Inspection,Completed,24,45,94.1,996.32
CAS-2025-01513,2025-04-18,2025-05-04,Operations,Unit 3,Midlands,Standard Application,Completed,16,15,100.0,648.85
CAS-2025-01514,2025-07-31,2025-09-21,Operations,Unit 4,North & Scotland,Complex Inspection,Completed,52,45,76.0,1967.28
CAS-2025-01515,2025-04-06,2025-05-06,Specialist Assessment,Unit 4,London & South East,Complex Inspection,Completed,30,45,98.3,1209.68
CAS-2025-01516,2025-05-30,2025-06-29,Customer Enforcement,Unit 3,London & South East,Appeals & Inquiries,Completed,30,60,95.5,1175.35
CAS-2025-01517,2025-03-28,2025-04-05,Regulatory Approvals,Unit 2,London & South East,Standard Application,Completed,8,15,91.4,425.69
CAS-2025-01518,2025-10-08,2025-10-21,Operations,Unit 1,Wales & South West,Standard Application,Completed,13,15,75.8,601.3
CAS-2025-01519,2025-04-04,2025-05-12,Operations,Unit 1,London & South East,Complex Inspection,Completed,38,45,89.1,1401.37
CAS-2025-01520,2025-08-02,2025-08-18,Specialist Assessment,Unit 3,London & South East,Standard Application,Completed,16,15,88.3,710.65
CAS-2025-01521,2025-10-25,2025-11-01,Specialist Assessment,Unit 3,North & Scotland,Standard Application,Completed,7,15,94.6,393.18
CAS-2025-01522,2025-08-27,2025-09-20,Operations,Unit 4,Wales & South West,Standard Application,Completed,24,15,96.0,956.42
CAS-2025-01523,2025-10-10,2025-10-20,Regulatory Approvals,Unit 4,North & Scotland,Standard Application,Completed,10,15,85.0,427.18
CAS-2025-01524,2025-10-19,2025-10-29,Customer Enforcement,Unit 1,Midlands,Standard Application,Completed,10,15,90.1,438.75
CAS-2025-01525,2025-03-17,2025-03-29,Operations,Unit 3,Wales & South West,Standard Application,Completed,12,15,94.2,548.75
CAS-2025-01526,2025-08-16,2025-08-24,Regulatory Approvals,Unit 4,North & Scotland,Standard Application,Completed,8,15,95.1,363.64
CAS-2025-01527,2025-10-12,2025-10-21,Operations,Unit 2,North & Scotland,Standard Application,Completed,9,15,89.7,372.97
CAS-2025-01528,2025-02-14,2025-03-11,Operations,Unit 2,London & South East,Standard Application,Completed,25,15,92.9,971.98
CAS-2025-01529,2025-06-29,2025-07-08,Specialist Assessment,Unit 4,London & South East,Standard Application,Completed,9,15,96.6,452.11
CAS-2025-01530,2025-01-09,2025-01-21,Regulatory Approvals,Unit 2,Midlands,Standard Application,Completed,12,15,85.1,529.52
CAS-2025-01531,2025-10-05,,Regulatory Approvals,Unit 1,Wales & South West,Standard Application,Awaiting Evidence,27,15,,1058.96
CAS-2025-01532,2025-03-09,2025-04-15,Specialist Assessment,Unit 2,North & Scotland,Complex Inspection,Completed,37,45,89.5,1410.27
CAS-2025-01533,2025-07-06,2025-07-17,Regulatory Approvals,Unit 2,Midlands,Standard Application,Completed,11,15,96.3,525.56
CAS-2025-01534,2025-10-29,,Operations,Unit 3,North & Scotland,Standard Application,In Progress,3,15,,234.45
CAS-2025-01535,2025-04-05,2025-04-17,Regulatory Approvals,Unit 3,Wales & South West,Standard Application,Completed,12,15,96.0,536.25
CAS-2025-01536,2025-09-17,,Operations,Unit 2,North & Scotland,Appeals & Inquiries,In Progress,45,60,,1661.01
CAS-2025-01537,2025-07-14,2025-08-25,Regulatory Approvals,Unit 1,Midlands,Complex Inspection,Completed,42,45,95.8,1598.54
CAS-2025-01538,2025-01-30,2025-02-09,Operations,Unit 4,London & South East,Standard Application,Completed,10,15,91.0,471.11
CAS-2025-01539,2025-02-11,2025-02-18,Operations,Unit 2,Wales & South West,Standard Application,Completed,7,15,94.4,368.64
CAS-2025-01540,2025-10-10,2025-10-29,Customer Enforcement,Unit 2,Wales & South West,Standard Application,Completed,19,15,89.5,725.87
CAS-2025-01541,2025-08-14,2025-08-18,Customer Enforcement,Unit 3,Wales & South West,Urgent License,Completed,4,5,79.8,264.43
CAS-2025-01542,2025-06-08,2025-06-11,Customer Enforcement,Unit 2,London & South East,Urgent License,Completed,3,5,96.3,240.48
CAS-2025-01543,2025-08-04,2025-08-11,Operations,Unit 4,Midlands,Standard Application,Completed,7,15,79.4,369.97
CAS-2025-01544,2025-01-22,2025-03-24,Regulatory Approvals,Unit 4,London & South East,Appeals & Inquiries,Completed,61,60,99.1,2310.09
CAS-2025-01545,2025-07-14,2025-08-02,Operations,Unit 1,North & Scotland,Standard Application,Completed,19,15,99.0,757.08
CAS-2025-01546,2025-08-31,2025-09-30,Regulatory Approvals,Unit 3,Midlands,Complex Inspection,Completed,30,45,96.0,1149.27
CAS-2025-01547,2025-10-15,2025-10-25,Customer Enforcement,Unit 1,London & South East,Standard Application,Completed,10,15,100.0,436.83
CAS-2025-01548,2025-10-10,2025-10-12,Regulatory Approvals,Unit 4,Wales & South West,Urgent License,Completed,2,5,84.2,122.29
CAS-2025-01549,2025-10-15,,Specialist Assessment,Unit 3,Wales & South West,Complex Inspection,Awaiting Evidence,17,45,,734.73
CAS-2025-01550,2025-04-05,2025-04-13,Operations,Unit 1,London & South East,Standard Application,Completed,8,15,87.5,343.5
CAS-2025-01551,2025-07-31,2025-08-08,Operations,Unit 4,North & Scotland,Urgent License,Completed,8,5,87.2,340.58
CAS-2025-01552,2025-01-20,2025-01-28,Regulatory Approvals,Unit 1,North & Scotland,Standard Application,Completed,8,15,90.9,374.27
CAS-2025-01553,2025-01-08,2025-02-03,Operations,Unit 3,London & South East,Complex Inspection,Completed,26,45,100.0,1043.06
CAS-2025-01554,2025-03-14,2025-04-14,Customer Enforcement,Unit 3,Midlands,Appeals & Inquiries,Completed,31,60,96.2,1228.53
CAS-2025-01555,2025-07-07,2025-07-21,Customer Enforcement,Unit 4,Wales & South West,Standard Application,Completed,14,15,87.6,602.11
CAS-2025-01556,2025-08-28,2025-09-11,Operations,Unit 3,North & Scotland,Standard Application,Completed,14,15,87.7,612.19
CAS-2025-01557,2025-08-28,2025-09-25,Operations,Unit 4,North & Scotland,Complex Inspection,Completed,28,45,98.6,1048.16
CAS-2025-01558,2025-10-02,2025-10-13,Regulatory Approvals,Unit 2,Wales & South West,Standard Application,Completed,11,15,94.9,530.29
CAS-2025-01559,2025-08-20,2025-08-22,Regulatory Approvals,Unit 4,Midlands,Urgent License,Completed,2,5,98.1,154.73
CAS-2025-01560,2025-02-20,2025-02-27,Specialist Assessment,Unit 2,London & South East,Standard Application,Completed,7,15,96.5,375.15
CAS-2025-01561,2025-04-28,2025-07-03,Operations,Unit 4,Midlands,Complex Inspection,Completed,66,45,84.9,2430.0
CAS-2025-01562,2025-08-03,2025-09-02,Customer Enforcement,Unit 2,Wales & South West,Complex Inspection,Completed,30,45,98.5,1196.58
CAS-2025-01563,2025-01-29,2025-02-10,Operations,Unit 4,Midlands,Standard Application,Completed,12,15,85.1,487.51
CAS-2025-01564,2025-08-05,2025-09-07,Regulatory Approvals,Unit 2,North & Scotland,Complex Inspection,Completed,33,45,81.9,1286.32
CAS-2025-01565,2025-03-28,2025-04-05,Regulatory Approvals,Unit 3,Midlands,Standard Application,Completed,8,15,88.6,386.53
CAS-2025-01566,2025-08-18,2025-08-30,Specialist Assessment,Unit 1,London & South East,Standard Application,Completed,12,15,87.4,479.81
CAS-2025-01567,2025-05-12,2025-06-19,Operations,Unit 2,Wales & South West,Complex Inspection,Completed,38,45,93.3,1433.55
CAS-2025-01568,2025-10-19,,Regulatory Approvals,Unit 3,North & Scotland,Complex Inspection,Awaiting Evidence,13,45,,528.71
CAS-2025-01569,2025-01-16,2025-01-27,Regulatory Approvals,Unit 3,North & Scotland,Standard Application,Completed,11,15,98.2,492.87
CAS-2025-01570,2025-02-08,2025-02-22,Regulatory Approvals,Unit 2,Midlands,Standard Application,Completed,14,15,90.6,577.7
CAS-2025-01571,2025-09-12,2025-09-20,Specialist Assessment,Unit 1,North & Scotland,Urgent License,Completed,8,5,96.1,351.72
CAS-2025-01572,2025-03-11,2025-03-20,Regulatory Approvals,Unit 4,Midlands,Standard Application,Completed,9,15,95.2,403.68
CAS-2025-01573,2025-09-03,2025-09-10,Operations,Unit 3,London & South East,Standard Application,Completed,7,15,99.7,342.49
CAS-2025-01574,2025-06-29,2025-07-07,Operations,Unit 4,Midlands,Standard Application,Completed,8,15,100.0,424.55
CAS-2025-01575,2025-04-05,2025-05-05,Customer Enforcement,Unit 4,North & Scotland,Complex Inspection,Completed,30,45,90.4,1194.98
CAS-2025-01576,2025-01-22,2025-02-01,Operations,Unit 3,Midlands,Standard Application,Completed,10,15,91.3,446.51
CAS-2025-01577,2025-06-28,2025-07-05,Regulatory Approvals,Unit 1,Midlands,Standard Application,Completed,7,15,92.7,358.94
CAS-2025-01578,2025-02-11,2025-03-14,Operations,Unit 3,Midlands,Complex Inspection,Completed,31,45,94.6,1174.92
CAS-2025-01579,2025-02-04,2025-03-10,Operations,Unit 3,Midlands,Complex Inspection,Completed,34,45,88.2,1295.28
CAS-2025-01580,2025-05-02,2025-05-09,Operations,Unit 4,North & Scotland,Standard Application,Completed,7,15,100.0,386.3
CAS-2025-01581,2025-01-15,2025-02-28,Customer Enforcement,Unit 2,London & South East,Appeals & Inquiries,Completed,44,60,100.0,1657.12
CAS-2025-01582,2025-09-23,2025-09-30,Specialist Assessment,Unit 2,Wales & South West,Standard Application,Completed,7,15,91.5,310.83
CAS-2025-01583,2025-10-06,,Specialist Assessment,Unit 3,London & South East,Appeals & Inquiries,In Progress,26,60,,982.11
CAS-2025-01584,2025-10-11,,Operations,Unit 4,North & Scotland,Complex Inspection,Under Review,21,45,,872.1
CAS-2025-01585,2025-05-17,2025-05-25,Regulatory Approvals,Unit 4,Wales & South West,Standard Application,Completed,8,15,91.5,343.84
CAS-2025-01586,2025-01-06,2025-01-14,Customer Enforcement,Unit 4,North & Scotland,Standard Application,Completed,8,15,95.7,388.69
CAS-2025-01587,2025-06-24,2025-07-03,Specialist Assessment,Unit 3,London & South East,Standard Application,Completed,9,15,98.2,447.74
CAS-2025-01588,2025-02-04,2025-04-01,Operations,Unit 2,Midlands,Appeals & Inquiries,Completed,56,60,100.0,2111.97
CAS-2025-01589,2025-08-02,2025-08-15,Operations,Unit 2,North & Scotland,Standard Application,Completed,13,15,90.9,553.5
CAS-2025-01590,2025-07-06,2025-07-14,Operations,Unit 4,North & Scotland,Standard Application,Completed,8,15,88.7,401.58
CAS-2025-01591,2025-05-06,2025-05-18,Regulatory Approvals,Unit 2,Midlands,Standard Application,Completed,12,15,100.0,515.6
CAS-2025-01592,2025-02-15,2025-03-20,Operations,Unit 3,North & Scotland,Complex Inspection,Completed,33,45,90.5,1256.94
CAS-2025-01593,2025-04-25,2025-05-04,Regulatory Approvals,Unit 3,North & Scotland,Standard Application,Completed,9,15,86.0,428.88
CAS-2025-01594,2025-08-13,2025-08-21,Regulatory Approvals,Unit 3,North & Scotland,Standard Application,Completed,8,15,90.9,338.33
CAS-2025-01595,2025-05-14,2025-05-22,Operations,Unit 1,London & South East,Standard Application,Completed,8,15,82.0,385.32
CAS-2025-01596,2025-10-28,,Regulatory Approvals,Unit 3,Wales & South West,Standard Application,In Progress,4,15,,261.4
CAS-2025-01597,2025-01-25,2025-03-01,Operations,Unit 1,Midlands,Appeals & Inquiries,Completed,35,60,90.4,1302.97
CAS-2025-01598,2025-09-16,2025-09-27,Operations,Unit 3,London & South East,Standard Application,Completed,11,15,88.3,495.55
CAS-2025-01599,2025-08-25,2025-09-04,Operations,Unit 1,Wales & South West,Standard Application,Completed,10,15,93.4,436.61
CAS-2025-01600,2025-08-09,2025-10-11,Customer Enforcement,Unit 3,London & South East,Complex Inspection,Completed,63,45,86.1,2343.71
